,title
0,Inception
1,Interstellar
2,The Dark Knight
3,Avatar
4,Fight Club
5,Guardians of the Galaxy
6,Pulp Fiction
7,Forrest Gump
8,Iron Man
9,Django Unchained
10,Joker
11,Shutter Island
12,Iron Man 3
13,Doctor Strange
14,Harry Potter and the Chamber of Secrets
15,Captain America: The First Avenger
16,Harry Potter and the Prisoner of Azkaban
17,Thor
18,Iron Man 2
19,Batman Begins
20,Harry Potter and the Goblet of Fire
21,Pirates of the Caribbean: The Curse of the Black Pearl
22,Harry Potter and the Deathly Hallows: Part 2
23,Up
24,Back to the Future
25,Harry Potter and the Order of the Phoenix
26,Harry Potter and the Half-Blood Prince
27,Finding Nemo
28,John Wick
29,Harry Potter and the Deathly Hallows: Part 1
30,Captain America: The Winter Soldier
31,Spider-Man
32,WALL·E
33,Gone Girl
34,"Monsters, Inc."
35,Toy Story
36,Parasite
37,Thor: The Dark World
38,Kill Bill: Vol. 1
39,Shrek
40,Ratatouille
41,Kingsman: The Secret Service
42,Jurassic Park
43,Pirates of the Caribbean: Dead Man's Chest
44,The Hunger Games: Mockingjay - Part 1
45,I Am Legend
46,Schindler's List
47,Skyfall
48,X-Men: Days of Future Past
49,World War Z
50,Man of Steel
51,Despicable Me
52,Spider-Man 2
53,Charlie and the Chocolate Factory
54,Whiplash
55,Toy Story 3
56,Eternal Sunshine of the Spotless Mind
57,V for Vendetta
58,Star Wars: Episode I - The Phantom Menace
59,Her
60,Pirates of the Caribbean: At World's End
61,The Hobbit: The Battle of the Five Armies
62,Alien
63,Pirates of the Caribbean: On Stranger Tides
64,Spider-Man 3
65,Cars
66,Toy Story 2
67,Edge of Tomorrow
68,300
69,Blade Runner
70,Star Wars: Episode III - Revenge of the Sith
71,Maleficent
72,Passengers
73,Life of Pi
74,The Amazing Spider-Man 2
75,Ice Age
76,Divergent
77,American Sniper
78,How to Train Your Dragon
79,X-Men: First Class
80,Back to the Future Part II
81,Terminator 2: Judgment Day
82,Drive
83,Pacific Rim
84,Wreck-It Ralph
85,Ted
86,The Great Gatsby
87,Zombieland
88,Silver Linings Playbook
89,Shrek 2
90,2012
91,Prometheus
92,Good Will Hunting
93,Fifty Shades of Grey
94,Rise of the Planet of the Apes
95,Ocean's Eleven
96,Prisoners
97,12 Years a Slave
98,2001: A Space Odyssey
99,Tangled
100,X-Men
101,Kung Fu Panda
102,Transformers
103,E.T. the Extra-Terrestrial
104,Dawn of the Planet of the Apes
105,Die Hard
106,Nightcrawler
107,Oblivion
108,Bruce Almighty
109,Gran Torino
110,Slumdog Millionaire
111,Limitless
112,Jumanji
113,X-Men Origins: Wolverine
114,Sherlock Holmes: A Game of Shadows
115,Back to the Future Part III
116,Full Metal Jacket
117,21 Jump Street
118,Looper
119,Jaws
120,Night at the Museum
121,Insurgent
122,(500) Days of Summer
123,Star Trek
124,Indiana Jones and the Last Crusade
125,Into the Wild
126,Trainspotting
127,X-Men: The Last Stand
128,Hancock
129,How to Train Your Dragon 2
130,Million Dollar Baby
131,Aliens
132,District 9
133,Star Trek Into Darkness
134,Indiana Jones and the Temple of Doom
135,Watchmen
136,Shrek the Third
137,We're the Millers
138,Corpse Bride
139,Hotel Transylvania
140,Mean Girls
141,"Crazy, Stupid, Love."
142,Shaun of the Dead
143,Argo
144,Transformers: Dark of the Moon
145,Top Gun
146,Source Code
147,Ice Age: Dawn of the Dinosaurs
148,Indiana Jones and the Kingdom of the Crystal Skull
149,Sin City
150,Snow White and the Huntsman
151,Apocalypse Now
152,22 Jump Street
153,Chappie
154,Pride & Prejudice
155,Fantastic Four: Rise of the Silver Surfer
156,Quantum of Solace
157,Predator
158,The Lego Movie
159,Scott Pilgrim vs. the World
160,Rocky
161,Cars 2
162,Percy Jackson & the Olympians: The Lightning Thief
163,Coraline
164,Hot Fuzz
165,Snow White and the Seven Dwarfs
166,American Hustle
167,Life
168,Green Lantern
169,Hugo
170,Dark Shadows
171,Juno
172,Ocean's Twelve
173,8 Mile
174,Cloud Atlas
175,Superbad
176,Constantine
177,Click
178,Little Miss Sunshine
179,Children of Men
180,Jack Reacher
181,Easy A
182,Brokeback Mountain
183,Captain Phillips
184,Night at the Museum: Battle of the Smithsonian
185,Madagascar: Escape 2 Africa
186,Kung Fu Panda 2
187,Seven Pounds
188,Jupiter Ascending
189,Angels & Demons
190,Yes Man
191,Prince of Persia: The Sands of Time
192,Insidious
193,Megamind
194,Rise of the Guardians
195,Nobody
196,Pitch Perfect
197,After Earth
198,Terminator 3: Rise of the Machines
199,Gangs of New York
200,300: Rise of an Empire
201,Love Actually
202,Mamma Mia!
203,Terminator Salvation
204,There Will Be Blood
205,Rango
206,This Is the End
207,Horrible Bosses
208,Predestination
209,Ocean's Thirteen
210,National Treasure
211,Resident Evil
212,Gattaca
213,Annabelle
214,Lilo & Stitch
215,Contagion
216,Fantastic Four
217,Space Jam
218,Die Hard: With a Vengeance
219,Speed
220,Bolt
221,Grown Ups
222,Notting Hill
223,Eyes Wide Shut
224,The Lone Ranger
225,Night at the Museum: Secret of the Tomb
226,Ghost Rider
227,Blade
228,Cloudy with a Chance of Meatballs
229,Moonrise Kingdom
230,Mortal Kombat
231,Van Helsing
232,From Dusk Till Dawn
233,Enemy
234,Live Free or Die Hard
235,Taken 3
236,Jumper
237,Pocahontas
238,Inside Man
239,Monty Python and the Holy Grail
240,Die Hard 2
241,Just Go with It
242,Moon
243,Bambi
244,John Carter
245,School of Rock
246,Enchanted
247,Due Date
248,Mars Attacks!
249,Brother Bear
250,The Island
251,Borat: Cultural Learnings of America for Make Benefit Glorious Nation of Kazakhstan
252,American Gangster
253,Bad Boys II
254,Knowing
255,Percy Jackson: Sea of Monsters
256,Boyhood
257,Face/Off
258,Fantastic Mr. Fox
259,Escape Plan
260,17 Again
261,National Treasure: Book of Secrets
262,Happy Feet
263,Daredevil
264,Cowboys & Aliens
265,Death Proof
266,Paranormal Activity
267,Dredd
268,Jack the Giant Slayer
269,Moneyball
270,In Bruges
271,Meet Joe Black
272,The Mule
273,There's Something About Mary
274,Bee Movie
275,Ferris Bueller's Day Off
276,Meet the Fockers
277,Bad Teacher
278,Shooter
279,Sucker Punch
280,No Strings Attached
281,Bridge to Terabithia
282,I Am Number Four
283,Mary Poppins
284,Atlantis: The Lost Empire
285,Blade II
286,G.I. Joe: The Rise of Cobra
287,21
288,Marley & Me
289,Exodus: Gods and Kings
290,Evil Dead
291,The DUFF
292,Zero Dark Thirty
293,Alvin and the Chipmunks
294,Pain & Gain
295,Bridesmaids
296,Dumbo
297,Stuart Little
298,Pitch Black
299,Contact
300,Rocky IV
301,1408
302,AVP: Alien vs. Predator
303,Rocky II
304,Evan Almighty
305,Journey 2: The Mysterious Island
306,Ghostbusters II
307,Grown Ups 2
308,Insidious: Chapter 2
309,Lone Survivor
310,One Day
311,Wrath of the Titans
312,Mama
313,Silent Hill
314,xXx
315,Superman Returns
316,In the Heart of the Sea
317,Invictus
318,Penguins of Madagascar
319,Gangster Squad
320,Resident Evil: Extinction
321,Riddick
322,Underworld: Awakening
323,Rocky III
324,Predators
325,Atlantis: Milo's Return
326,Before Sunrise
327,Underworld: Evolution
328,R.I.P.D.
329,Knocked Up
330,Resident Evil: Retribution
331,Monster House
332,Beverly Hills Cop
333,Spring Breakers
334,Chicken Little
335,Seven Psychopaths
336,Blade: Trinity
337,Kiki's Delivery Service
338,Puss in Boots
339,Sin City: A Dame to Kill For
340,Ghost Rider: Spirit of Vengeance
341,Resident Evil: Afterlife
342,GoldenEye
343,Rambo: First Blood Part II
344,Identity
345,50/50
346,Flushed Away
347,Basic Instinct
348,Death Race
349,Pineapple Express
350,Superman
351,Ip Man
352,You Don't Mess with the Zohan
353,Jennifer's Body
354,The Call of the Wild
355,Gone Baby Gone
356,He's Just Not That Into You
357,Remember Me
358,Paddington
359,Underworld: Rise of the Lycans
360,Demolition Man
361,Get Smart
362,Hostel
363,Scream 4
364,Dr. No
365,Goldfinger
366,What We Do in the Shadows
367,Magnolia
368,Fall
369,Die Another Day
370,Planet Terror
371,Battle: Los Angeles
372,Rocky Balboa
373,This Means War
374,War Horse
375,Identity Thief
376,Forgetting Sarah Marshall
377,P.S. I Love You
378,Hanna
379,Hellboy
380,"As Above, So Below"
381,Transporter 3
382,Final Destination 5
383,Willy Wonka & the Chocolate Factory
384,The Raid
385,Before Sunset
386,Turbo
387,Eragon
388,Death on the Nile
389,Johnny English Reborn
390,Frankenweenie
391,Hitman
392,Chef
393,Eastern Promises
394,You've Got Mail
395,Red Riding Hood
396,Blue Valentine
397,Pet Sematary
398,Robin Hood: Prince of Thieves
399,End of Watch
400,Brooklyn
401,Trading Places
402,Surrogates
403,27 Dresses
404,Rocky V
405,Predator 2
406,Valentine's Day
407,Side Effects
408,Rambo III
409,Austin Powers in Goldmember
410,Bride Wars
411,Master and Commander: The Far Side of the World
412,Lawless
413,Saw VI
414,Charlie's Angels: Full Throttle
415,Escape from New York
416,Tomorrow Never Dies
417,Fantasia
418,Memoirs of a Geisha
419,Magic Mike
420,Body of Lies
421,Abduction
422,Carnage
423,Letters to Juliet
424,Tower Heist
425,Hocus Pocus
426,Jeepers Creepers
427,RocknRolla
428,Big Trouble in Little China
429,They Live
430,From Russia with Love
431,Alvin and the Chipmunks: The Squeakquel
432,Spaceballs
433,Flipped
434,Beastly
435,Hotel Rwanda
436,Overlord
437,Buried
438,Crank: High Voltage
439,Meet the Robinsons
440,Coherence
441,Nightmare Alley
442,The Fountain
443,August Rush
444,Mortdecai
445,Ouija
446,30 Days of Night
447,We Bought a Zoo
448,Scooby-Doo 2: Monsters Unleashed
449,Locke
450,Kiss Kiss Bang Bang
451,Four Weddings and a Funeral
452,Four Rooms
453,Remember the Titans
454,Me and Earl and the Dying Girl
455,Man on a Ledge
456,Police Academy
457,Water for Elephants
458,Project Almanac
459,Tinker Tailor Soldier Spy
460,Legion
461,Concussion
462,Immortals
463,Rings
464,Colombiana
465,Death Wish
466,To Kill a Mockingbird
467,Antichrist
468,Hard Candy
469,Incendies
470,ParaNorman
471,Inherent Vice
472,S.W.A.T.
473,Jobs
474,Paul Blart: Mall Cop
475,Bronson
476,Dogma
477,Suspiria
478,Eat Pray Love
479,Clerks
480,J. Edgar
481,Surf's Up
482,Paranormal Activity 2
483,Midway
484,Season of the Witch
485,Babylon
486,Run
487,Elektra
488,Stuart Little 2
489,Deep Blue Sea
490,"Definitely, Maybe"
491,It's Kind of a Funny Story
492,Dirty Harry
493,Hustle
494,Gamer
495,Zack and Miri Make a Porno
496,Perfect Blue
497,K-PAX
498,Pandorum
499,Before Midnight
500,Ghosts of Girlfriends Past
501,Beverly Hills Cop II
502,Flatliners
503,Never Back Down
504,Legend of the Guardians: The Owls of Ga'Hoole
505,Widows
506,Foxcatcher
507,Sky High
508,Point Break
509,Wild Hogs
510,Every Day
511,Never Let Me Go
512,Push
513,Burlesque
514,Norbit
515,Gothika
516,Case 39
517,Selma
518,Pete's Dragon
519,Stoker
520,Thunderball
521,Superman II
522,Tron
523,Ip Man 2
524,About a Boy
525,I Spit on Your Grave
526,Splice
527,Paranormal Activity 3
528,Green Zone
529,This Is 40
530,Freedom Writers
531,Adventureland
532,Cinderella Man
533,Sex and the City
534,Inkheart
535,Killing Them Softly
536,Poseidon
537,You Only Live Twice
538,Primer
539,City Lights
540,The Boy Next Door
541,My Sister's Keeper
542,Premium Rush
543,Julie & Julia
544,She's Out of My League
545,Jack and Jill
546,Bad Santa
547,Hannah Montana: The Movie
548,Frida
549,Max Payne
550,My Girl
551,Leap Year
552,Attack the Block
553,Planet 51
554,Diamonds Are Forever
555,Vantage Point
556,Abominable
557,Sinbad: Legend of the Seven Seas
558,Home on the Range
559,Babylon A.D.
560,Letters from Iwo Jima
561,Step Up All In
562,Star Wars: The Clone Wars
563,Live and Let Die
564,From Paris with Love
565,Hall Pass
566,Entrapment
567,Daybreakers
568,[REC]²
569,Gnomeo & Juliet
570,Step Up 3D
571,16 Blocks
572,Moonraker
573,Mary and Max
574,Repo Men
575,Persepolis
576,Octopussy
577,"I, Frankenstein"
578,Papillon
579,Child's Play
580,Faster
581,Cellular
582,Two Night Stand
583,G-Force
584,Star Trek II: The Wrath of Khan
585,That's My Boy
586,Licence to Kill
587,St. Vincent
588,Aladdin and the King of Thieves
589,Shoot 'Em Up
590,Where the Wild Things Are
591,Lockout
592,What to Expect When You're Expecting
593,Ella Enchanted
594,xXx: State of the Union
595,Justice League: The Flashpoint Paradox
596,Drive Angry
597,Team America: World Police
598,On Her Majesty's Secret Service
599,The Losers
600,Trick 'r Treat
601,For Your Eyes Only
602,Another Cinderella Story
603,Blazing Saddles
604,Dinner for Schmucks
605,Eraser
606,The Forest
607,Winter's Bone
608,Lars and the Real Girl
609,Paperman
610,Blades of Glory
611,Masterminds
612,Whatever Works
613,When Marnie Was There
614,City of Ember
615,Dreamcatcher
616,Man on the Moon
617,Friday
618,Margin Call
619,Star Trek: First Contact
620,Take Shelter
621,Ben-Hur
622,30 Minutes or Less
623,Star Trek: The Motion Picture
624,Bring It On
625,"I Love You, Man"
626,Michael Clayton
627,Little Man
628,One Hour Photo
629,Superman III
630,Music and Lyrics
631,Midnight Express
632,Meet the Spartans
633,Detroit
634,Sex and the City 2
635,Precious
636,Zookeeper
637,Talladega Nights: The Ballad of Ricky Bobby
638,Hereafter
639,Frank
640,Cats & Dogs
641,Scoop
642,Troll
643,Ruby Sparks
644,All Is Lost
645,The Wedding Ringer
646,Smokin' Aces
647,Sharknado
648,Happy Feet Two
649,Sideways
650,Mississippi Burning
651,In the Mouth of Madness
652,Sphere
653,Jeepers Creepers 2
654,Chernobyl Diaries
655,Batman: Under the Red Hood
656,Cannibal Holocaust
657,Lady and the Tramp
658,House of 1000 Corpses
659,Accepted
660,Ultraviolet
661,Tenacious D in The Pick of Destiny
662,Nacho Libre
663,Trouble with the Curve
664,Monsters
665,Following
666,Speed Racer
667,Jay and Silent Bob Strike Back
668,Bowling for Columbine
669,Hitchcock
670,Cop Land
671,Super
672,Aquamarine
673,Wall Street: Money Never Sleeps
674,Cop Out
675,Astro Boy
676,Animal House
677,Dope
678,Candyman
679,Police Academy 2: Their First Assignment
680,V/H/S
681,Ninja Assassin
682,Good Luck Chuck
683,Fool's Gold
684,Broken City
685,Pink Floyd: The Wall
686,Angel Heart
687,Grave Encounters
688,Blue Ruin
689,Harold & Kumar Escape from Guantanamo Bay
690,Pokémon: The First Movie
691,Star Trek IV: The Voyage Home
692,Jonah Hex
693,Tully
694,Charlie Wilson's War
695,Safety Not Guaranteed
696,Re-Animator
697,Arthur Christmas
698,Meet Dave
699,A Most Violent Year
700,Fahrenheit 9/11
701,Capote
702,Agora
703,Sisters
704,Memory
705,Escape from L.A.
706,Song of the Sea
707,Never Say Never Again
708,Star Trek: Nemesis
709,Stonehearst Asylum
710,It's Complicated
711,Killer Joe
712,Centurion
713,Fresh
714,Leaving Las Vegas
715,Solomon Kane
716,Backdraft
717,Winter's Tale
718,Collateral Damage
719,"Alexander and the Terrible, Horrible, No Good, Very Bad Day"
720,Chasing Amy
721,The Gambler
722,Haywire
723,Across the Universe
724,"You, Me and Dupree"
725,Space Cowboys
726,Holes
727,Syriana
728,Revolver
729,Halloween III: Season of the Witch
730,Star Trek III: The Search for Spock
731,Sex Drive
732,Your Highness
733,My Week with Marilyn
734,Midnight Cowboy
735,Snake Eyes
736,Larry Crowne
737,Boys Don't Cry
738,Once
739,James and the Giant Peach
740,Star Trek: Generations
741,Short Term 12
742,Left Behind
743,Strange Days
744,Funny People
745,Blindness
746,Vampires Suck
747,Rock of Ages
748,Runner Runner
749,Cinderella III: A Twist in Time
750,I Spit on Your Grave 2
751,Sky Captain and the World of Tomorrow
752,Cherry
753,Selena
754,No Reservations
755,Star Trek VI: The Undiscovered Country
756,Hackers
757,The Water Diviner
758,Cosmopolis
759,Mr. Magorium's Wonder Emporium
760,"Big Mommas: Like Father, Like Son"
761,Young Adult
762,Righteous Kill
763,This Is England
764,Time Lapse
765,Superman IV: The Quest for Peace
766,Hop
767,Amy
768,Soul Surfer
769,Shall We Dance?
770,Deep Water
771,Brick
772,The Package
773,Fast Times at Ridgemont High
774,Police Academy 3: Back in Training
775,Dan in Real Life
776,Star Trek: Insurrection
777,Mindhunters
778,Star Trek V: The Final Frontier
779,Tokyo Godfathers
780,Rumor Has It...
781,My Bloody Valentine
782,Police Academy 4: Citizens on Patrol
783,Enough
784,Final Fantasy VII: Advent Children
785,Disconnect
786,Punisher: War Zone
787,Blackfish
788,Act of Valor
789,Four Lions
790,Tracers
791,Batman: Assault on Arkham
792,Freaks
793,Veronica Mars
794,High Life
795,Bullitt
796,Justice League: War
797,Super Troopers
798,Like Crazy
799,Ghosts of Mars
800,Talk to Me
801,Don't Be Afraid of the Dark
802,Beasts of the Southern Wild
803,Inland Empire
804,Awake
805,Something Borrowed
806,Reign Over Me
807,Partly Cloudy
808,Disaster Movie
809,Beginners
810,Return to Oz
811,Camp X-Ray
812,Osmosis Jones
813,Drillbit Taylor
814,Aliens in the Attic
815,Imagine Me & You
816,Dreamgirls
817,All About Steve
818,Presto
819,Forgotten
820,Apollo 18
821,One for the Money
822,In the Valley of Elah
823,Tinker Bell and the Lost Treasure
824,Cujo
825,Rubber
826,The Way He Looks
827,Showtime
828,Everybody's Fine
829,How Do You Know
830,Cats
831,"Good Night, and Good Luck."
832,Our Idiot Brother
833,National Security
834,High Strung
835,The Stanford Prison Experiment
836,How High
837,Prince of Darkness
838,Teen Beach Movie
839,Loving
840,Crimes of the Future
841,Batman: Year One
842,Calvary
843,God Bless America
844,THX 1138
845,Inside Job
846,Would You Rather
847,Justice League: Throne of Atlantis
848,Stand Up Guys
849,Searching for Sugar Man
850,God's Not Dead
851,Goon
852,Youth in Revolt
853,The Butterfly Effect 2
854,Salmon Fishing in the Yemen
855,Yogi Bear
856,License to Wed
857,Black Snake Moan
858,Felon
859,Pride and Glory
860,Untraceable
861,Close
862,"I Love You, Beth Cooper"
863,Notes on a Scandal
864,Man on Wire
865,Justice League: Doom
866,Radio Rebel
867,Think Like a Man
868,Raise Your Voice
869,Half Nelson
870,On the Road
871,2046
872,Winnie the Pooh
873,Pokémon the Movie 2000
874,Fahrenheit 451
875,Housebound
876,Planes: Fire & Rescue
877,Police Academy: Mission to Moscow
878,Resident Evil: Damnation
879,A Girl Walks Home Alone at Night
880,Police Academy 6: City Under Siege
881,Starman
882,In the Name of the King: A Dungeon Siege Tale
883,Seabiscuit
884,Nowhere Boy
885,P2
886,Drinking Buddies
887,Soldier
888,"Angus, Thongs and Perfect Snogging"
889,7500
890,Ramona and Beezus
891,Animal Kingdom
892,Stake Land
893,Wet Hot American Summer
894,Evangelion: 3.0 You Can (Not) Redo
895,Cassandra's Dream
896,Duplicity
897,We Can Be Heroes
898,Missing
899,Semi-Pro
900,Boogeyman
901,Heaven Is for Real
902,Barbie: A Fashion Fairytale
903,One Missed Call
904,Escape from Planet Earth
905,Sling Blade
906,Kill List
907,Lifted
908,Blood and Bone
909,After the Sunset
910,My Best Friend's Girl
911,Money Train
912,Sunshine Cleaning
913,Lords of Dogtown
914,White Bird in a Blizzard
915,Kalifornia
916,Anonymous
917,Everything Is Illuminated
918,Picnic at Hanging Rock
919,Martha Marcy May Marlene
920,Whiteout
921,Old Dogs
922,Upstream Color
923,London Boulevard
924,Sicko
925,Fireproof
926,In Your Eyes
927,Destroyer
928,Jiro Dreams of Sushi
929,Justice League: Crisis on Two Earths
930,Mars Needs Moms
931,Mighty Morphin Power Rangers: The Movie
932,Zombeavers
933,Wild Target
934,Sputnik
935,The Lunchbox
936,I'm Not There
937,Superman/Batman: Apocalypse
938,Underdog
939,Swimming Pool
940,Hellraiser
941,Belle
942,Stone
943,Life After Beth
944,Fighting
945,Love Happens
946,Take Me Home Tonight
947,Hesher
948,Harsh Times
949,Rendition
950,Observe and Report
951,Freeheld
952,Walk Hard: The Dewey Cox Story
953,Breaking In
954,Sharknado 2: The Second One
955,Little Monsters
956,Phantasm
957,Batman: Gotham Knight
958,Compliance
959,Rumble Fish
960,Dolphin Tale
961,All the Boys Love Mandy Lane
962,John Dies at the End
963,Sleepaway Camp
964,Ice Age: A Mammoth Christmas
965,No Good Deed
966,Hatchet
967,Superman/Batman: Public Enemies
968,Cats & Dogs: The Revenge of Kitty Galore
969,Getaway
970,Because I Said So
971,Agent Cody Banks 2: Destination London
972,Deck the Halls
973,North Country
974,Megan Is Missing
975,Charlie Bartlett
976,Firestarter
977,Che: Part Two
978,Barefoot
979,Million Dollar Arm
980,Wolf Creek 2
981,Dead Snow 2: Red vs. Dead
982,Two for the Money
983,Jackass 3.5
984,Luxo Jr.
985,Gotti
986,Red Tails
987,Look Both Ways
988,Kill the Irishman
989,Backcountry
990,No One Lives
991,The Missing
992,Hobo with a Shotgun
993,Nights in Rodanthe
994,W.
995,White Noise
996,Furry Vengeance
997,"Food, Inc."
998,Conviction
999,Black Dynamite
1000,World's Greatest Dad
1001,Rabbit Hole
1002,Nine
1003,Religulous
1004,Frequently Asked Questions About Time Travel
1005,Supergirl
1006,Extract
1007,Secretariat
1008,Catch and Release
1009,Prayers for Bobby
1010,Imagine That
1011,Vanishing on 7th Street
1012,My Cousin Rachel
1013,Tom and Jerry: The Movie
1014,Best in Show
1015,Rent
1016,Severance
1017,Afflicted
1018,Siberia
1019,Memoirs of an Invisible Man
1020,The End of the Tour
1021,Cloud 9
1022,Cypher
1023,Tideland
1024,MacGruber
1025,Somewhere in Time
1026,BloodRayne
1027,Dark Star
1028,Southland Tales
1029,Wristcutters: A Love Story
1030,Friday Night Lights
1031,Mistress America
1032,Capitalism: A Love Story
1033,Miss Bala
1034,Catfish
1035,Heist
1036,Shark Night 3D
1037,Feast
1038,Remember Sunday
1039,Bel Ami
1040,Tracks
1041,In a World...
1042,Antitrust
1043,30 Days of Night: Dark Days
1044,Pirates of Silicon Valley
1045,Stand by Me Doraemon
1046,"Tomorrow, When the War Began"
1047,Room 237
1048,Exposed
1049,Lake Mungo
1050,Dylan Dog: Dead of Night
1051,Green Lantern: Emerald Knights
1052,Cowspiracy: The Sustainability Secret
1053,Piggy
1054,Birdy
1055,"Elvira, Mistress of the Dark"
1056,King Cobra
1057,Wadjda
1058,Win Win
1059,In the Land of Women
1060,Friends with Kids
1061,Mississippi Grind
1062,Big Miracle
1063,New in Town
1064,Planet Hulk
1065,Expelled
1066,Suicide Room
1067,Albert Nobbs
1068,Bandslam
1069,Evita
1070,Dear White People
1071,Strange Magic
1072,Must Love Dogs
1073,Over Her Dead Body
1074,Experimenter
1075,Prom
1076,Exit Wounds
1077,Gigli
1078,Daddy Day Camp
1079,Saved!
1080,Indie Game: The Movie
1081,Closed Circuit
1082,Transamerica
1083,Space Chimps
1084,Survival of the Dead
1085,Blue Thunder
1086,American Splendor
1087,Boiling Point
1088,Alan Partridge: Alpha Papa
1089,Fun and Fancy Free
1090,Boy A
1091,Son of Rambow
1092,Grabbers
1093,Starry Eyes
1094,Fido
1095,Leatherheads
1096,Bright Star
1097,Stowaway
1098,Taking Woodstock
1099,Speak
1100,Happy-Go-Lucky
1101,Brother
1102,Barney's Version
1103,Happily N'Ever After
1104,Bride of Re-Animator
1105,Green Lantern: First Flight
1106,No
1107,What Just Happened
1108,Angel Eyes
1109,How the West Was Won
1110,Adam
1111,Bring It On Again
1112,Cedar Rapids
1113,StreetDance 3D
1114,Desert Flower
1115,Orgazmo
1116,24 Hour Party People
1117,Ask Me Anything
1118,Leaves of Grass
1119,Real Genius
1120,G.B.F.
1121,Passion
1122,Cyrus
1123,Justin Bieber: Never Say Never
1124,Facing the Giants
1125,Peaceful Warrior
1126,My Life in Ruins
1127,Restless
1128,Windfall
1129,Harley Davidson and the Marlboro Man
1130,Hollywoodland
1131,You Don't Know Jack
1132,Darkness
1133,Legends of Oz: Dorothy's Return
1134,Lesbian Vampire Killers
1135,Calendar Girls
1136,Dog Pound
1137,Love in the Time of Cholera
1138,Whale Rider
1139,Millions
1140,Ghajini
1141,Beyond the Lights
1142,Chaos Theory
1143,Red Dog
1144,I'm Still Here
1145,My Way
1146,The Bronze
1147,Starship Troopers: Invasion
1148,Antiviral
1149,"It's the Great Pumpkin, Charlie Brown"
1150,Masculin Féminin
1151,I Know Who Killed Me
1152,Bodyguards and Assassins
1153,Days of Glory
1154,Big Bad Wolves
1155,Alien Abduction
1156,Breakfast on Pluto
1157,Fast Food Nation
1158,Dolphin Tale 2
1159,The Last Word
1160,Mean Creek
1161,Beyond Re-Animator
1162,Slap Shot
1163,Half Past Dead
1164,Gods and Monsters
1165,Quick Change
1166,Hatchet III
1167,Courageous
1168,Take This Waltz
1169,Set It Off
1170,Absentia
1171,King of California
1172,Fierce Creatures
1173,Things We Lost in the Fire
1174,Kinky Boots
1175,From Prada to Nada
1176,Knockaround Guys
1177,Your Sister's Sister
1178,Freedomland
1179,Phantasm II
1180,My Name Is Bruce
1181,Repo! The Genetic Opera
1182,We Are Legion: The Story of the Hacktivists
1183,The Overnight
1184,Birdemic: Shock and Terror
1185,Postal
1186,Management
1187,Black Water
1188,Devdas
1189,Akeelah and the Bee
1190,Renegades
1191,Cave of Forgotten Dreams
1192,Looking for Eric
1193,Restrepo
1194,Paper Man
1195,Clean
1196,Tsotsi
1197,Meet Bill
1198,Wedding Daze
1199,I Can't Think Straight
1200,Middle Men
1201,Body Bags
1202,Frozen River
1203,Game Change
1204,Ondine
1205,Wendy and Lucy
1206,Post Grad
1207,Taxidermia
1208,Extraordinary Measures
1209,Solitary Man
1210,Amateur
1211,Grand Isle
1212,Gantz
1213,Willow Creek
1214,Kahaani
1215,Saint Laurent
1216,Beautiful Thing
1217,Side by Side
1218,XXY
1219,Amazing Grace
1220,Bitch Slap
1221,100 Feet
1222,W.E.
1223,Katy Perry: Part of Me
1224,Body of Evidence
1225,Get Low
1226,Cemetery Junction
1227,Fur: An Imaginary Portrait of Diane Arbus
1228,"War, Inc."
1229,360
1230,My Dog Skip
1231,Casino Jack
1232,Kajaki
1233,2-Headed Shark Attack
1234,Witch Hunt
1235,Bugsy Malone
1236,After Porn Ends
1237,Wilde
1238,New Kids Turbo
1239,Downhill
1240,Ballet Shoes
1241,Ronal the Barbarian
1242,Happythankyoumoreplease
1243,Lucky You
1244,Loving Annabelle
1245,You Kill Me
1246,Encounters at the End of the World
1247,Smokin' Aces 2: Assassins' Ball
1248,Rise
1249,Smart People
1250,Meek's Cutoff
1251,Marlowe
1252,English Vinglish
1253,Paradise Now
1254,Tamara
1255,Country Strong
1256,Stop-Loss
1257,Married to the Mob
1258,Casshern
1259,Anvil! The Story of Anvil
1260,Blackthorn
1261,Frankenstein's Army
1262,My Little Pony: Equestria Girls
1263,Kill Switch
1264,Veronika Decides to Die
1265,Human Nature
1266,Life Partners
1267,Get a Horse!
1268,Pina
1269,Fed Up
1270,Remo Williams: The Adventure Begins
1271,Latter Days
1272,Feast of Love
1273,Peacock
1274,Katyn
1275,First Sunday
1276,Battle in Seattle
1277,Phantasm III: Lord of the Dead
1278,Particle Fever
1279,Rob the Mob
1280,7th Floor
1281,Louis C.K.: Live at the Beacon Theater
1282,A Merry Friggin' Christmas
1283,Sound City
1284,Cherry 2000
1285,Life in a Day
1286,Nancy Drew and the Hidden Staircase
1287,Beowulf & Grendel
1288,Shrink
1289,Pieces of April
1290,Anthony Zimmer
1291,TiMER
1292,All the Pretty Horses
1293,Slaughterhouse-Five
1294,The Disappearance of Eleanor Rigby: Her
1295,Powder Blue
1296,Flash of Genius
1297,Creation
1298,Grotesque
1299,Space Station 76
1300,Kidnapped
1301,Too Big to Fail
1302,Taxi to the Dark Side
1303,Doctor Who
1304,Jesus
1305,Merantau
1306,Arthur Newman
1307,White Men Can't Jump
1308,Down in the Valley
1309,Kevin Hart: Let Me Explain
1310,Canadian Bacon
1311,Rise of the Footsoldier
1312,Playing by Heart
1313,Magic Camp
1314,Head in the Clouds
1315,Mystery Science Theater 3000: The Movie
1316,Born to Race
1317,Cruel Intentions 3
1318,Shampoo
1319,Jumping the Broom
1320,When You're Strange
1321,The Search for Santa Paws
1322,White Fang
1323,Outside the Law
1324,Rabid
1325,The Last Station
1326,State and Main
1327,Dance of the Dead
1328,Bottle Shock
1329,"My Son, My Son, What Have Ye Done"
1330,Zeitgeist: Moving Forward
1331,Bounty Killer
1332,December Boys
1333,Monsoon Wedding
1334,"Love, Wedding, Marriage"
1335,Laurel Canyon
1336,Sweetwater
1337,Duma
1338,Damsels in Distress
1339,Above the Rim
1340,Phantasm IV: Oblivion
1341,Dirty Girl
1342,Welcome to Dongmakgol
1343,What Doesn't Kill You
1344,Drishyam
1345,Dhoom
1346,Twist
1347,Thesis on a Homicide
1348,Beyond the Valley of the Dolls
1349,Joy Ride
1350,Howl
1351,Kidulthood
1352,Pokémon the Movie: White - Victini and Zekrom
1353,Who Killed the Electric Car?
1354,Atrocious
1355,Logorama
1356,Borrowed Time
1357,Little Fish
1358,Winter in Wartime
1359,Evening
1360,Babysitter Wanted
1361,Afro Samurai: Resurrection
1362,Shotgun Stories
1363,Edmond
1364,Infamous
1365,Azumi 2: Death or Love
1366,Metropia
1367,The Kingdom of Dreams and Madness
1368,Best Worst Movie
1369,Bucky Larson: Born to Be a Star
1370,I Sell the Dead
1371,Sleepwalk with Me
1372,Bereavement
1373,Jug Face
1374,Tetro
1375,No Mercy
1376,Let's Scare Jessica to Death
1377,Mega Shark vs. Crocosaurus
1378,Elles
1379,Incendiary
1380,Cropsey
1381,Cocaine Cowboys
1382,Tupac: Resurrection
1383,Resurrection
1384,Pokémon the Movie: Black - Victini and Reshiram
1385,Monday
1386,Red Hill
1387,Chasing Ice
1388,Young Adam
1389,Shine a Light
1390,Gentlemen Broncos
1391,Raze
1392,Giallo
1393,Taking Chance
1394,Tabu
1395,Poultrygeist: Night of the Chicken Dead
1396,Heartless
1397,While She Was Out
1398,Outsourced
1399,In the Land of Blood and Honey
1400,Ready to Rumble
1401,Little Men
1402,Hello Ladies: The Movie
1403,Blue in the Face
1404,Interview
1405,Gigantic
1406,The Student
1407,For Greater Glory: The True Story of Cristiada
1408,Last Passenger
1409,Essential Killing
1410,Tiny Furniture
1411,Married Life
1412,Brideshead Revisited
1413,One from the Heart
1414,Mr. Nice
1415,Mega Piranha
1416,From Within
1417,Masquerade
1418,Geography Club
1419,Forks Over Knives
1420,YellowBrickRoad
1421,Another Country
1422,L!fe Happens
1423,Amer
1424,Bellflower
1425,Ishtar
1426,Cat Run
1427,Mystery Team
1428,Caravaggio
1429,Free to Play
1430,Lymelife
1431,Sniper 2
1432,Elektra Luxx
1433,Novocaine
1434,Greed
1435,Flesh & Blood
1436,Nude Nuns with Big Guns
1437,Moonshot
1438,Kiss of the Damned
1439,House of D
1440,Angry Video Game Nerd: The Movie
1441,Boy Wonder
1442,Kit Kittredge: An American Girl
1443,Project Nim
1444,Good Boy!
1445,Pariah
1446,There Be Dragons
1447,Lola Versus
1448,Mr Hublot
1449,LEGO DC Comics Super Heroes: Justice League vs. Bizarro League
1450,Bad Biology
1451,Disclosure
1452,Grace Is Gone
1453,Neds
1454,Natural Selection
1455,Miami Connection
1456,The Dark Horse
1457,Our Family Wedding
1458,Next Day Air
1459,Legendary
1460,"Ultramarines: A Warhammer 40,000 Movie"
1461,My Girlfriend's Boyfriend
1462,Red White & Blue
1463,Ill Manors
1464,Lemmy
1465,Dante 01
1466,No Direction Home: Bob Dylan
1467,Girl in Progress
1468,Letters to God
1469,How to Rob a Bank
1470,Electrick Children
1471,Why We Fight
1472,Happy People: A Year in the Taiga
1473,Waste Land
1474,Highlander: The Search for Vengeance
1475,Sleep Dealer
1476,Inhale
1477,We Are What We Are
1478,Behind Enemy Lines II: Axis of Evil
1479,Enduring Love
1480,Summer in February
1481,Freakonomics
1482,Shattered
1483,October Baby
1484,Lady Chatterley's Lover
1485,Fear Clinic
1486,Devil's Playground
1487,Undertow
1488,Guernica
1489,"Like Sunday, Like Rain"
1490,Bloodsucking Freaks
1491,L.I.E.
1492,Too Many Cooks
1493,Armadillo
1494,Kill for Me
1495,Trash Humpers
1496,The Body
1497,Paintball
1498,Amityville 1992: It's About Time
1499,Cocktail
1500,Dying Breed
1501,Primal
1502,Link
1503,44 Inch Chest
1504,Sushi Girl
1505,Don't Go in the House
1506,The Captains
1507,Women in Trouble
1508,Imaginary Heroes
1509,Outpost: Black Sun
1510,Sweet Sweetback's Baadasssss Song
1511,ChromeSkull: Laid to Rest 2
1512,Neighbours
1513,Dabangg 2
1514,Python
1515,Computer Chess
1516,All About Anna
1517,Any Day Now
1518,Big Bad Wolf
1519,Happy Endings
1520,Rocket Singh: Salesman of the Year
1521,From Time to Time
1522,The Rise
1523,I Know That Voice
1524,Jamie Marks Is Dead
1525,Dirty Love
1526,Trailer Park Boys: Countdown to Liquor Day
1527,DeadHeads
1528,Wild America
1529,Deuces Wild
1530,Dinosaur 13
1531,The Importance of Being Earnest
1532,Born to Raise Hell
1533,In Too Deep
1534,Sinners and Saints
1535,The Inhabited Island
1536,Peter & the Wolf
1537,Winnebago Man
1538,Picnic
1539,Lupin the 3rd
1540,Dedication
1541,Maybe Baby
1542,Bridegroom
1543,Things You Can Tell Just by Looking at Her
1544,Special
1545,Sour Grapes
1546,R100
1547,Nine Miles Down
1548,The Reunion
1549,Were the World Mine
1550,George Carlin: Life Is Worth Losing
1551,Bill Cunningham New York
1552,Judy Moody and the Not Bummer Summer
1553,Foxes
1554,Walk on Water
1555,Marvellous
1556,Hunter Prey
1557,Requiem
1558,Cube
1559,House Party
1560,More Than Honey
1561,Touki Bouki
1562,Detention of the Dead
1563,Good Dick
1564,Decoding Annie Parker
1565,Newsies
1566,Tony Manero
1567,Mambo Italiano
1568,One Life
1569,Miss Representation
1570,No End in Sight
1571,Limbo
1572,Ai Weiwei: Never Sorry
1573,Shock Treatment
1574,Expelled from Paradise
1575,Grumpy Cat's Worst Christmas Ever
1576,Lost & Found
1577,Urbanized
1578,Amityville: A New Generation
1579,Artifact
1580,Jim Jefferies: I Swear to God
1581,I Hope They Serve Beer in Hell
1582,Touchy Feely
1583,Christmas Eve
1584,Gunless
1585,Circumstance
1586,A Second Chance
1587,Salvation Boulevard
1588,Hello Herman
1589,City of Industry
1590,Sita Sings the Blues
1591,Shooting Fish
1592,Memorial Day
1593,DMT: The Spirit Molecule
1594,I Am Ali
1595,Garden Party
1596,Bound
1597,Fay Grim
1598,Down Terrace
1599,Tony
1600,Beloved
1601,Monty Python Live (Mostly)
1602,Rewind This!
1603,Dare
1604,These Amazing Shadows
1605,If These Walls Could Talk
1606,Burning Blue
1607,Manborg
1608,Mike Birbiglia: My Girlfriend's Boyfriend
1609,New York
1610,My Tutor
1611,Flywheel
1612,The Wrecking Crew
1613,Jindabyne
1614,Expelled: No Intelligence Allowed
1615,Tracker
1616,Zero
1617,Nas: Time Is Illmatic
1618,Page One: Inside the New York Times
1619,Cavemen
1620,Company
1621,Long Weekend
1622,Beer League
1623,One Night with the King
1624,American Grindhouse
1625,Series 7: The Contenders
1626,Viva
1627,Alabama Moon
1628,Obsessed
1629,Loose Change 9/11: An American Coup
1630,Ceremony
1631,Galaxina
1632,Mouth to Mouth
1633,Sharkwater
1634,Bickford Shmeckler's Cool Ideas
1635,Private Romeo
1636,Fist of Jesus
1637,Ping Pong
1638,Beautiful Kate
1639,Helen
1640,Burning Palms
1641,Seven Days in Utopia
1642,Calendar Girl
1643,Age of Ice
1644,Black Nativity
1645,Sex & Drugs & Rock & Roll
1646,Blue Like Jazz
1647,Kenny
1648,Grave Halloween
1649,Amreeka
1650,Home Run
1651,Chuck Norris vs Communism
1652,Miss Nobody
1653,Narco Cultura
1654,American Hardcore
1655,Kabluey
1656,The Infinite Man
1657,The Wicker Tree
1658,"Have Dreams, Will Travel"
1659,Two Weeks in Another Town
1660,Ziggy Stardust and the Spiders from Mars
1661,Sugar
1662,Angels Sing
1663,Beautiful Boxer
1664,Food Matters
1665,Boy Interrupted
1666,Parked
1667,Woodstock
1668,Machete Maidens Unleashed!
1669,Good Ol' Freda
1670,Shut Up and Play the Hits
1671,Buck
1672,Blaze
1673,Spin
1674,Jewtopia
1675,Hide and Seek
1676,The Identical
1677,Kids in America
1678,The Hearse
1679,Tomboy
1680,Wonderful World
1681,Heidi
1682,Finding Amanda
1683,Space Milkshake
1684,Going Down in LA-LA Land
1685,Van Diemen's Land
1686,Blood Moon
1687,Time Changer
1688,Sordid Lives
1689,2:22
1690,Big Eden
1691,Angels Crest
1692,Christmas in Conway
1693,Longford
1694,Revenge for Jolly!
1695,Bachelor Night
1696,Princess Ka'iulani
1697,Oxford Blues
1698,This Filthy World
1699,End of the World
1700,Zerophilia
1701,Hangman's Curse
1702,Game 6
1703,Dragonlance: Dragons of Autumn Twilight
1704,New Town Killers
1705,River's Edge
1706,LUV
1707,Hannah Takes the Stairs
1708,Dead Within
1709,Dead Air
1710,Look
1711,Shoot the Moon
1712,The Kick
1713,Clown
1714,Everybody Wants to Be Italian
1715,Muhammad Ali's Greatest Fight
1716,Waking Madison
1717,Crossover
1718,The Time of Their Lives
1719,Countdown to Zero
1720,Down to the Bone
1721,Epitaph
1722,Bride Flight
1723,You've Been Trumped
1724,Gray's Anatomy
1725,Art and Craft
1726,Dick Figures: The Movie
1727,Undiscovered
1728,What Goes Up
1729,Blindman
1730,Travelling Salesman
1731,Knuckleball!
1732,Exporting Raymond
1733,Dance with Me
1734,Mudhoney
1735,Travellers and Magicians
1736,Keyhole
1737,I Love Sarah Jane
1738,Black & White & Sex
1739,Graceland
1740,With Great Power: The Stan Lee Story
1741,Ghosts... of the Civil Dead
1742,Skellig
1743,Why Me?
1744,Hunk
1745,Twice Upon a Time
1746,Role/Play
1747,The Encounter
1748,Burn
1749,April Showers
1750,Running Time
1751,One Shot
1752,Dog Tags
1753,Gypsy 83
1754,Special When Lit
1755,What Is It?
1756,Bruiser
1757,Speedway Junky
1758,Preaching to the Perverted
1759,Light Gradient
1760,The Legend of Sarila
1761,I Really Hate My Job
1762,Chasing Christmas
1763,Teenage Dirtbag
1764,Central Park
1765,Brooklyn Castle
1766,Sinbad: The Fifth Voyage
1767,Snow Day
1768,Night Catches Us
1769,Mutant Aliens
1770,American Idiots
1771,Paper Clips
1772,Shame
1773,Every Little Step
1774,Children of the Night
1775,Trances
1776,The Boys
1777,Call Me Kuchu
1778,Kimjongilia
1779,Canvas
1780,Fun
1781,Over My Dead Body
1782,Gideon's Army
1783,Waterboys
1784,Life According to Sam
1785,Melody
1786,Heidi Fleiss: Hollywood Madam
1787,Doggiewoggiez! Poochiewoochiez!
1788,Butterfly
1789,Fathom
1790,Happy
1791,Amigo
1792,Hillsborough
1793,Best Friends
1794,Molly
1795,Stunt Rock
1796,Carts of Darkness
1797,Diner
1798,16 Acres
1799,Some Like It Hot
1800,Tar
1801,To Each His Own
1802,Hush!
1803,Blank City
1804,Dallas 362
1805,Trapped
1806,Hella W
1807,Dutch
1808,Distance
1809,'Twas the Night Before Christmas
1810,Sebastian
1811,"Pink Ribbons, Inc."
1812,Anything Goes
1813,The Squeeze
1814,On the Ropes
1815,Tumbledown
1816,The Connection
1817,Last Man Standing
1818,Foreign Letters
1819,Closer
1820,Sun Kissed
1821,Tribulation
1822,Head Games
1823,Buried Alive
1824,Shane
1825,Chance
1826,Happily Ever After
1827,The First Movie
1828,Return to Sender
1829,Den enskilde medborgaren
1830,Silent Night
1831,Just Visiting
1832,Nightmare
1833,The Disembodied
1834,For Neda
1835,"George Lopez: It's Not Me, It's You"
1836,Blink
1837,Dream Team 1935
1838,The End
1839,Body Parts
1840,Intersection
1841,BFFs
1842,Eva
1843,Whisper
1844,Card Subject To Change
1845,Saving Lincoln
1846,Normal
1847,Champion
1848,Bedlam
1849,Green Light
1850,Turbulence
1851,Roseland
1852,Cousins
1853,Special Delivery
1854,Demonic
1855,Jack
1856,Andrew Dice Clay: Indestructible
1857,Papa
1858,Fallen
1859,Descent
1860,To Die For
1861,Wasteland
1862,Alice's Adventures in Wonderland
1863,Camouflage
1864,Mama's Boy
1865,Flesh
1866,Excess Baggage
1867,White Elephant
1868,Georgia
1869,Magic
1870,Hero
1871,Venus
1872,Malice
1873,Game Over
1874,Topsy-Turvy
1875,Gotcha!
1876,Dirt
1877,Salt of the Earth
1878,The Chase
1879,Genghis Khan
1880,Greenfingers
1881,Daisy
1882,Solstice
1883,Dark Journey
1884,Homecoming
1885,The Retrieval
1886,Brothers
1887,Lockdown
1888,Fire
1889,Vincent
1890,Aria
1891,Napoleon
1892,Lonely Hearts
1893,Bad Dreams
